id,window_start,window_end,ch1_rms,ch1_mean,ch1_std,ch1_kurtosis,ch1_crest,ch2_rms,ch2_mean,ch2_std,ch2_kurtosis,ch2_crest,ch3_rms,ch3_mean,ch3_std,ch3_kurtosis,ch3_crest,ch4_rms,ch4_mean,ch4_std,ch4_kurtosis,ch4_crest,fft_bin_1,fft_bin_2,fft_bin_3,fft_bin_4,fft_bin_5,fft_bin_6,fft_bin_7,fft_bin_8,fft_bin_9,fft_bin_10
1,0,49,0.002466292796858438,-0.0021543457031250003,0.001200581005706264,37.29008592124882,4.134138536485875,0.0024165172380574097,-0.0018059765625,0.0016056164602822481,39.32545688966292,5.253416157432518,0.002757134042243469,-0.0020364970703125,0.001858619866865308,37.99830923783133,5.2739426426446325,0.0033272339226393544,-0.0031643417968749993,0.0010283124858290707,36.68494838654666,3.013306787443071,0.10771728515625001,0.011587415214942578,0.011472794172813817,0.010669468077381557,0.01035960538774938,0.01024800685341734,0.010001474406603747,0.009499636317092752,0.009268299487460389,0.009156580290537756
2,50,99,0.002050876216748797,-0.0020283486328125,0.00030314201324382537,0.10186286594402638,1.3371047485606904,0.0015593942989768164,-0.0015010195312499999,0.0004226712037594078,-0.4732960445676677,1.51040841124687,0.0017691673413645385,-0.0016830205078124999,0.0005453393916025363,-0.8541040118232242,1.6342764904986133,0.0030527959328290827,-0.0030382451171875003,0.0002977072645806646,-0.14021155650315276,1.2099244184746483,0.101417431640625,0.004529862091733726,0.0043268888100729454,0.0030388494917829604,0.0027369521858317393,0.002435856220228195,0.0023962356637946373,0.0023602629467475377,0.0023241298100498404,0.0020177495033619885
3,100,149,0.0019169235731798483,-0.0018837792968749998,0.0003549247048005087,-0.38692231172542035,1.4571076810676487,0.001427588981804664,-0.0013826181640624999,0.00035549586970106886,-0.5564984955474843,1.4210065411723483,0.0015621175250722927,-0.0014862763671875,0.0004808260834001343,0.0004604833165990918,1.6736596850349057,0.002934431110905921,-0.0029257832031250007,0.00022511906397320588,-0.3128919401294197,1.1305361561975207,0.09418896484375,0.005008779303242023,0.004043846561060917,0.0037596523852536745,0.0035110373969781472,0.0031851198076394828,0.0028973813669151377,0.002767719659171742,0.002697991844055262,0.00265538964041018
4,150,199,0.001995358651555734,-0.001972498046875,0.0003011770300215941,-0.4152539073673225,1.2951198089677451,0.001627684612160725,-0.0015700634765625,0.00042925269507515756,-0.6878737963385899,1.5148951252305125,0.0018495236874930365,-0.0017567382812500002,0.0005784535260404548,0.11799374477339031,1.7726798004377242,0.0029856487450265336,-0.0029720458984374997,0.0002846780747780657,-0.6810383758124945,1.219440270247746,0.09862490234375,0.004123429557164036,0.004075807268412351,0.0037648718514688073,0.003287775103094666,0.002783353981175431,0.0027301544985905532,0.002663980436072556,0.0023675284935583867,0.002184527666667494
5,200,249,0.0020367274653779075,-0.0020139287109375,0.00030389128892802396,-0.6939374060077195,1.328460943655495,0.001646937191000662,-0.0014327919921875002,0.0008121017289875237,9.393830319688613,3.1106806811571603,0.0016974442366512674,-0.0015881708984374998,0.0005991912331608563,-0.6658293749576036,1.6559247031850948,0.0029353330768346043,-0.0029206279296875005,0.00029344977132145174,-0.8812090437357027,1.1978749999869684,0.10069643554687499,0.003650663736857116,0.0036176452244335764,0.002958146460571341,0.0028558575467106965,0.0028529110948104217,0.002723976068560265,0.0023958228131364793,0.0023487697790457065,0.002202365947462316
6,250,299,0.0019341723301949912,-0.0019084677734375003,0.00031428229450994083,-0.8963735488206419,1.336544516493205,0.0019024196103865688,-0.0016615478515625004,0.0009265306853803731,12.287376556970708,3.1225397525038785,0.0017466964210306735,-0.0016806503906250001,0.00047577584189762985,-0.7678469750856505,1.5470890587160282,0.0029591390107109633,-0.002949701171875,0.00023614970114465102,0.5965742753008714,1.2107948100042683,0.095423388671875,0.004050983561801956,0.0037580110331331914,0.0035338696504445427,0.003159409585134574,0.0030747680280715137,0.002582707291035062,0.0024602735732599393,0.0022852385163579492,0.00217418015544045
7,300,349,0.0019316027705758053,-0.0019013271484374999,0.0003406528113940235,0.4792509069026081,1.4008363501121874,0.0014952311205907018,-0.0014509345703125002,0.00036125472544315106,-0.4056408905652886,1.5648056421041228,0.0017576645446901748,-0.0016487597656249997,0.0006090778988907037,-0.42859828344636464,1.6585562675663248,0.0029896290526284655,-0.0029757216796875,0.0002880318686499444,0.1768785374890438,1.270342071087699,0.095066357421875,0.004450586490200316,0.004103685614144859,0.003908400535601015,0.003682653434144458,0.003673527629626621,0.0036553057548496123,0.003298611813323919,0.002377399737296562,0.00228643904529713
8,350,399,0.0019249009036281853,-0.0018964199218750003,0.000329901453019267,-0.3132007802047698,1.3624636036752489,0.0014726041581631776,-0.0014166025390625,0.0004022440216599356,2.9419233560476084,2.0317694819169865,0.0015890807067368206,-0.0014969765625,0.0005331403791206186,-0.5160740909510464,1.6913830299684938,0.0029325747315282267,-0.0029177099609374994,0.0002948951336389612,-0.11400672451779181,1.219781228733052,0.09482099609375,0.00373318768039703,0.0034235354403760647,0.003421156280080745,0.003109889979772637,0.00308080745106465,0.0030126274492346217,0.0028745815937719875,0.00287099031006416,0.0027125679379897687
9,400,449,0.0019528849566968324,-0.0019298154296874996,0.0002992859192024216,-0.44397584489002817,1.284832908754143,0.0016143994951771238,-0.0015548955078125,0.0004342645389767166,1.0271856129489745,1.7418313912700278,0.0018040116144586698,-0.0017312617187499998,0.0005071397896956736,-0.13703841156432395,1.6553818728579022,0.002994326644264965,-0.0029862714843749997,0.00021948729841113435,0.6761159631700409,1.125256248204712,0.09649077148437502,0.00376859963820586,0.0037356017982480023,0.003455285759225466,0.0033151133871990902,0.0029359207321039337,0.00240550392131035,0.0023347276003370223,0.0019926772735328604,0.0019190858524460804
10,450,499,0.002033464555714252,-0.0020151425781250003,0.0002723572822119672,1.6079647320374484,1.2132445765121476,0.0015172166719784825,-0.0014614628906250001,0.00040752012104371116,-0.42777355087283064,1.537399636093691,0.001707911456760049,-0.001627638671875,0.0005174494158361943,0.8152705693865245,1.9331851023696656,0.0029557260336802458,-0.0029420224609375003,0.00028428898240067605,0.046909624604876576,1.2568625657177155,0.10075712890625,0.0035880911352970018,0.003047842230115048,0.0030433055945360936,0.0028030493878003836,0.002553261480918443,0.002281274755688834,0.002058012493798001,0.0020508987387216106,0.001996915057911088
11,500,549,0.0019928574686059915,-0.0019657890625,0.0003273442407222884,0.02930816160256322,1.415528862482202,0.0015525758759297981,-0.0015038388671875,0.0003859540284222941,-0.9605556882861164,1.486755537707693,0.0016213659551208063,-0.0015356582031250002,0.0005201744357421853,-0.7433738441259434,1.604429388247624,0.002963621204864686,-0.0029517167968749996,0.0002653650258975445,0.0746267694175935,1.1535059480235044,0.09828945312500001,0.003967451118933469,0.003949080007053633,0.003038111162257204,0.0028863575159475295,0.0028539007134216502,0.0028278445927360125,0.0027661059015397556,0.0025877750686202263,0.002519153660816269
12,550,599,0.0020194078328596068,-0.0020015703125,0.0002678138897320045,0.9728577050750604,1.437442776982042,0.0015621624718141754,-0.0015078515625000003,0.00040833228357660205,-0.49866477400633924,1.4499382128092977,0.0018401073158108366,-0.0017850488281250002,0.0004467612504572501,-0.3553543149081855,1.5276739352217106,0.0029198569014346927,-0.0029107031249999997,0.00023102303558528275,-0.09888793832107723,1.1727351255869716,0.100078515625,0.0040086626960037725,0.0035252532449322185,0.003380704134717088,0.002768344993953749,0.0024522660939981975,0.002030487577461395,0.001999107990113647,0.0018300038057530953,0.0016893749359654952
13,600,649,0.001927786765481016,-0.00190901953125,0.0002683397892035164,-1.0155173433002744,1.263010254413419,0.001489687321484641,-0.0014300664062499998,0.0004172270239417548,0.06105828889712184,1.4681339602832546,0.0015675024831560535,-0.0014781748046874999,0.0005215968572446203,-0.3637074350592586,1.5806892822340288,0.0029935427883725813,-0.0029802841796875003,0.00028143317878653683,0.6127241706321791,1.182525741739761,0.0954509765625,0.003409989607670891,0.0033220585488594255,0.0029218419106615723,0.002679462996228664,0.002643627287382263,0.002518078174086796,0.002333202627779543,0.002295543002155829,0.0019052957594500157
14,650,699,0.0019568473060887627,-0.0019285791015624999,0.0003314121729255397,-0.34878940235883427,1.462637475197655,0.004135525789147477,-0.002338134765625,0.003411114095201095,12.578034435006712,4.627054384376037,0.0017465259120492175,-0.00165417578125,0.0005604063223994737,-0.765324299824564,1.4933664064220882,0.002977631563735978,-0.0029634755859375,0.00029000376016382413,-0.6481940593746964,1.1764311469179483,0.096428955078125,0.004774718793581743,0.004181581445125952,0.0034499382288978343,0.0030148225432925575,0.0028191252915400105,0.0027941655612213783,0.002739636821314884,0.002725789568098792,0.0025937633377650145
15,700,749,0.0020315296897709086,-0.002006423828125,0.00031839645468017587,0.06618396883619981,1.3945916277475074,0.004299547844412628,-0.001883109375,0.0038652310083849306,43.22107913834253,6.670952648055327,0.0018730126729664786,-0.0017879775390625,0.0005579541136160205,-0.6218120146904829,1.636187332636295,0.003003087954877204,-0.0029941484375,0.00023154351414983478,0.761632023029081,1.2068794816644657,0.10032119140624998,0.004201125049615184,0.0036769536702273044,0.0031484493882127373,0.0029734702389128346,0.002870464664112517,0.002858012245694329,0.002789154948678016,0.0026253848441957226,0.0025805591079550924
16,750,799,0.001803783662737009,-0.0017814941406250001,0.0002826908715818967,-0.2313889762116479,1.400214252920775,0.0016615073939798034,-0.0015913994140625,0.00047755075664382445,2.9215295402171835,2.0563852024552185,0.0017346466060732444,-0.0016840859375,0.00041575642277200223,-0.2996803812861537,1.5131639368561791,0.0029506661112659914,-0.0029377880859375,0.0002753754932764513,-0.10343976275762179,1.2391766287667882,0.08907470703125,0.003714694407908424,0.003692705754500478,0.0028230015098002783,0.002750432428541258,0.0026142149181003532,0.002493726517057618,0.0024066547219566323,0.002290143517537886,0.0020614031544941105
17,800,849,0.001929612391096631,-0.001901638671875,0.00032737492497615525,0.08496457720764239,1.4582804446160322,0.0015117079337272782,-0.0014584208984375,0.00039783081818123707,0.4029189685332777,1.5983641493945542,0.00150946233263747,-0.0014222216796875,0.0005057292037031459,-0.3494904656381679,1.6002891358370537,0.0029334664901255083,-0.0029235585937500003,0.00024089582312649692,0.3146986988834506,1.1347363089726588,0.09508193359375,0.003798640788852553,0.003795214064873016,0.003407218685803826,0.0031762552066187688,0.003027791670224396,0.00268675604455257,0.0025584164230819254,0.002524182292345158,0.002389861880847121
18,850,899,0.001992426193107578,-0.0019395615234375002,0.00045592020330531476,-0.0028762056891746823,1.442572256850877,0.0014802250726421323,-0.001396953125,0.0004894775094232013,-0.43127926937633765,1.707998805706784,0.001715723390283666,-0.0015561552734375001,0.0007225562378937268,-0.846161134627649,1.6915867314690824,0.0029128407216083606,-0.0028994755859374994,0.00027871561852954384,0.06923075696563341,1.1871599386974439,0.09697807617187501,0.005477508133657559,0.005185813816769785,0.004969677864006023,0.004464553964212941,0.004303457227731817,0.004256978371689367,0.004170161612676266,0.004100813931398791,0.00401200819046546
19,900,949,0.0019343316886995551,-0.0019044423828125003,0.00033873041265100416,0.27145824906754923,1.3745006866751288,0.0014892284306944079,-0.0014286787109375001,0.0004203313689251514,0.2064783376535435,1.4796357493474184,0.0016716877695220958,-0.0015315869140624999,0.0006699115788238537,-0.561513575389244,1.7098585402656554,0.0029577828618180357,-0.0029431992187500004,0.00029335612557756385,-0.7955108878114303,1.1739420326702856,0.09522211914062499,0.005105784253910952,0.004122915392678183,0.003288882185266353,0.003161281443643997,0.0028993010391748343,0.0028376353569033786,0.0027313427521399023,0.002511675131561404,0.002423215691592421
